dre,first_name,last_name
1,Matthew,Moreno
2,Martha,Brooks
3,Jessica,Kim
4,William,Scott
5,Denise,Hicks
6,Nicole,Morales
7,Billy,Green
8,Rose,Thomas
9,Janet,Perry
10,Ruby,Greene
11,Jonathan,Patterson
12,Nancy,Baker
13,Ashley,Simmons
14,Gloria,Sanchez
15,Mary,Duncan
16,Debra,Jordan
17,Paul,Collins
18,Stephen,Bailey
19,Steven,Hunt
20,Brenda,Carroll
21,Carl,Lopez
22,Kimberly,Walker
23,Christina,Larson
24,Andrea,Larson
25,Alan,Warren
26,Pamela,Ortiz
27,Sean,Edwards
28,Ann,Wright
29,Frances,Carpenter
30,Stephen,Evans
31,Jean,Crawford
32,Frank,Cox
33,Amanda,Wells
34,George,Cooper
35,Juan,Nelson
36,Kevin,Nelson
37,Jean,Shaw
38,Jacqueline,Barnes
39,Kathy,Stanley
40,Jimmy,Rivera
41,Antonio,Foster
42,Adam,Webb
43,Ann,Stewart
44,Jesse,Bell
45,Keith,Fields
46,Janice,Williams
47,Janet,Hansen
48,Amanda,Webb
49,Jane,Lane
50,Jason,Sims
51,Howard,Schmidt
52,Joan,Harper
53,Louise,Henry
54,Lois,Gibson
55,Maria,Elliott
56,Betty,Stephens
57,Janet,Walker
58,Paul,Holmes
59,Kevin,Webb
60,Laura,Gonzales
61,Phillip,Adams
62,Clarence,Flores
63,Sandra,Ramos
64,Kevin,Evans
65,Amy,Rivera
66,Alice,White
67,Margaret,Garza
68,Henry,Reed
69,Melissa,Ramos
70,Barbara,Gray
71,Anne,Mills
72,Joan,Reyes
73,Matthew,Lewis
74,Paula,Washington
75,Joe,Ramos
76,Martin,Rivera
77,Ronald,Murray
78,Patrick,Ward
79,Victor,Harrison
80,Heather,Cook
81,Sharon,Evans
82,Martin,Andrews
83,Jane,Thomas
84,Steve,Stephens
85,Gregory,Reid
86,Theresa,Hayes
87,Adam,Jones
88,Adam,Lewis
89,Bobby,Owens
90,Samuel,Young
91,Paul,Miller
92,Ashley,Gray
93,Juan,Ramirez
94,Joshua,Murray
95,Bonnie,Perez
96,Sarah,Hernandez
97,Phyllis,Hernandez
98,Keith,Flores
99,Alan,Diaz
100,Timothy,Robertson
101,Robert,Day
102,Shawn,Black
103,Brandon,Clark
104,Howard,Henderson
105,George,Allen
106,Jane,Rose
107,Emily,Gomez
108,Roger,Mcdonald
109,Debra,Ortiz
110,Jason,Cruz
111,Louis,Hart
112,James,Hanson
113,Amy,Bennett
114,Keith,Stone
115,Donna,Johnson
116,Joyce,Taylor
117,Phyllis,Davis
118,Lawrence,Long
119,Nicholas,Anderson
120,Randy,Lawson
121,Johnny,Peters
122,Julie,Woods
123,Adam,Green
124,Anna,Nguyen
125,Sharon,Morrison
126,Henry,Lawson
127,Gregory,Torres
128,Carolyn,Perkins
129,James,Matthews
130,Jane,Rice
131,Evelyn,Chapman
132,Betty,Smith
133,Debra,Gibson
134,Christine,Robertson
135,Jose,Palmer
136,Amy,Harrison
137,Joan,Hanson
138,Bobby,Hill
139,Juan,Sullivan
140,Patricia,Fowler
141,Philip,Black
142,Donald,Stewart
143,Brandon,Porter
144,Roy,Lee
145,Johnny,Reid
146,Susan,Payne
147,Mildred,Jackson
148,Shawn,West
149,Helen,Stone
150,Margaret,Ross
151,Pamela,Bennett
152,Joyce,Cunningham
153,Daniel,Riley
154,Sarah,Pierce
155,Joe,Gonzales
156,Steven,Smith
157,Kenneth,Gibson
158,Brandon,Jones
159,Joshua,Jones
160,Mark,Day
161,Elizabeth,Perry
162,Deborah,Brown
163,Bonnie,Marshall
164,Deborah,Peterson
165,Evelyn,Nichols
166,Roy,Rogers
167,Julie,Harper
168,Tina,Jenkins
169,Martin,Brooks
170,Terry,Hernandez
171,Doris,Fowler
172,Christine,Day
173,Andrea,Henry
174,Michelle,Gilbert
175,Thomas,Garrett
176,Ann,Hicks
177,Terry,Bowman
178,Laura,Harrison
179,Sandra,Patterson
180,Lori,Murphy
181,Susan,Lewis
182,Benjamin,Romero
183,Amanda,Adams
184,Stephanie,Stephens
185,Gary,Perez
186,Tammy,Carr
187,Jack,Stanley
188,Phyllis,Carpenter
189,Judith,Morales
190,Peter,Cooper
191,Eric,Lawson
192,Jesse,Boyd
193,Ashley,Hunter
194,Sharon,Patterson
195,Rachel,Peterson
196,Randy,Bell
197,Adam,Hunt
198,Evelyn,Cruz
199,Rachel,Welch
200,Louise,Jenkins
201,Ruby,Cooper
202,Andrea,Hill
203,Bruce,Franklin
204,Jeremy,Medina
205,Annie,Sims
206,Eric,Rogers
207,Margaret,Brown
208,Tina,Stone
209,Ernest,Perez
210,Melissa,Wallace
211,Robert,Hughes
212,Roy,Rogers
213,Juan,Dunn
214,Wayne,Fuller
215,Sharon,Sims
216,Juan,Fields
217,Harry,Cruz
218,Virginia,Brown
219,Terry,Dunn
220,Karen,Peterson
221,Eugene,White
222,Scott,Shaw
223,Nicholas,Fisher
224,Willie,Schmidt
225,Victor,Ray
226,Angela,Richardson
227,Stephanie,Bradley
228,Lawrence,Harrison
229,Helen,Peterson
230,Paul,Ford
231,Daniel,Dunn
232,Ralph,Gardner
233,Bobby,Morris
234,Gerald,Alexander
235,Christopher,Stone
236,Roger,Bailey
237,Peter,Morris
238,Virginia,Rice
239,Jack,Martinez
240,Ashley,Powell
241,Nicole,Ryan
242,Kathleen,Jackson
243,Jose,Griffin
244,Alan,Edwards
245,Benjamin,Brooks
246,Earl,Gilbert
247,Eric,Spencer
248,Jerry,Reed
249,Amy,Burke
250,Kimberly,Hughes
251,Irene,Cole
252,Elizabeth,Robinson
253,Jose,Kelly
254,Paula,Hunt
255,Tammy,Jacobs
256,Carol,Green
257,Teresa,Nguyen
258,Martha,Ramirez
259,Gerald,Brown
260,David,Wells
261,Mildred,Sanchez
262,Albert,Richardson
263,Bobby,Chapman
264,Kathleen,Chavez
265,Brenda,Holmes
266,John,Adams
267,Anthony,Ferguson
268,Deborah,Taylor
269,Eugene,Gardner
270,Daniel,Nichols
271,Kathy,Mcdonald
272,Janet,Stone
273,Ralph,Cruz
274,Margaret,Gomez
275,Phillip,Marshall
276,Peter,Lopez
277,Walter,Matthews
278,Margaret,Armstrong
279,Julia,Scott
280,Michael,Edwards
281,Anna,Phillips
282,Mary,Hughes
283,Mark,Franklin
284,Samuel,Meyer
285,Jack,Ward
286,Emily,Berry
287,Ruth,Clark
288,Joseph,Dean
289,Sean,Andrews
290,Rachel,Adams
291,Ruby,Jackson
292,Juan,Reid
293,Deborah,Hanson
294,Craig,Johnson
295,Aaron,Williamson
296,Sara,Burton
297,Jason,Fields
298,Harry,Mitchell
299,Ernest,Martin
300,Gerald,Henry
301,Kelly,Tucker
302,Bruce,Clark
303,Craig,Lane
304,Ralph,Welch
305,Martha,Weaver
306,Ryan,Harper
307,Anthony,Parker
308,Deborah,Willis
309,Jerry,Lopez
310,Cynthia,Rodriguez
311,Lawrence,Wagner
312,George,Hart
313,Diana,Nichols
314,Lillian,Howard
315,Helen,Perkins
316,Jane,Boyd
317,Edward,Watkins
318,Susan,Stephens
319,Theresa,Hicks
320,Melissa,Edwards
321,Scott,Gomez
322,Nancy,Cooper
323,Annie,Oliver
324,Donna,Fernandez
325,Janice,Riley
326,Frances,Gonzales
327,Frank,Snyder
328,Kathryn,Elliott
329,Antonio,Wheeler
330,Debra,Hall
331,Rose,Lynch
332,Howard,Coleman
333,Wanda,Greene
334,Henry,Tucker
335,Edward,Phillips
336,Earl,Henry
337,Jean,Peters
338,Larry,Morrison
339,Donna,Cole
340,Janet,Roberts
341,Mildred,Reynolds
342,Sean,Bowman
343,Karen,Mccoy
344,Kenneth,Mendoza
345,Janice,Andrews
346,Amanda,Cunningham
347,Tammy,Garza
348,Keith,Simmons
349,Phillip,Scott
350,Amanda,Taylor
351,Albert,Sullivan
352,Maria,James
353,Martha,Mason
354,Margaret,Jackson
355,Johnny,Lane
356,Louise,Freeman
357,Stephanie,Cooper
358,Dorothy,Kelly
359,Jeffrey,Rogers
360,Marilyn,Ross
361,Larry,Ford
362,Kimberly,Garrett
363,Eugene,Lopez
364,Jacqueline,Larson
365,Jane,Porter
366,Christina,Lawson
367,Margaret,Daniels
368,Steve,Morgan
369,Tina,Reynolds
370,Katherine,Boyd
371,Julie,Wright
372,Russell,Sanchez
373,Jeremy,Payne
374,Teresa,Alvarez
375,Johnny,Wright
376,Ruby,Rogers
377,Anna,Thomas
378,Virginia,Howell
379,Ashley,Ruiz
380,Heather,Welch
381,Alice,Shaw
382,Kelly,Coleman
383,Clarence,Mccoy
384,Margaret,Griffin
385,Denise,Patterson
386,Frank,Matthews
387,Teresa,Collins
388,Arthur,Rivera
389,Gerald,Hanson
390,Henry,Romero
391,Bruce,Sullivan
392,Timothy,Martin
393,Irene,Diaz
394,Linda,Murray
395,Margaret,Miller
396,Craig,Jenkins
397,Elizabeth,Ward
398,Philip,Johnson
399,Deborah,Day
400,Bruce,Nichols
401,Gary,Howard
402,Martha,Cox
403,Walter,Daniels
404,Janet,Gardner
405,Jesse,Day
406,Tammy,Wheeler
407,Dorothy,Payne
408,Mary,Burns
409,Kevin,Vasquez
410,Timothy,Medina
411,Lori,Gardner
412,Earl,Ortiz
413,Jason,Hudson
414,Joshua,Oliver
415,Willie,Parker
416,Beverly,Black
417,Kathy,Ellis
418,Jerry,Henderson
419,Chris,Watson
420,Ashley,Lawson
421,Louis,Ellis
422,Donna,Fisher
423,Janet,Howell
424,Betty,Frazier
425,Julia,Mason
426,Tina,White
427,Anne,Patterson
428,Bobby,Thomas
429,Christopher,Larson
430,Jean,Daniels
431,Willie,Andrews
432,Steven,Henderson
433,Albert,Sanders
434,Diana,Cook
435,Arthur,Hall
436,Scott,Rodriguez
437,Carlos,Vasquez
438,Marilyn,Jordan
439,Pamela,Griffin
440,Judith,Torres
441,Donna,Walker
442,Edward,Austin
443,Martin,Hill
444,Denise,Howell
445,George,Fisher
446,Eugene,Burton
447,Nicholas,Fernandez
448,Albert,Howard
449,Kelly,Holmes
450,Timothy,Oliver
451,Russell,Cunningham
452,Shirley,Morgan
453,Bruce,Ellis
454,Sarah,Garrett
455,Jason,Jordan
456,Gloria,Howard
457,Gary,Stephens
458,James,Price
459,Marilyn,Wheeler
460,Anne,Adams
461,Jean,Parker
462,Judith,Carter
463,Marilyn,Montgomery
464,Jennifer,Richardson
465,Kelly,Nichols
466,Timothy,Boyd
467,Brenda,Franklin
468,Susan,Crawford
469,Diana,Black
470,Arthur,Larson
471,Amanda,Rodriguez
472,Andrea,Burns
473,Lois,Burton
474,Douglas,Harrison
475,Helen,Lopez
476,Frank,Warren
477,Sara,Taylor
478,Andrea,Rodriguez
479,Arthur,Garrett
480,Justin,Cruz
481,Daniel,King
482,Shawn,Williamson
483,Patrick,Rivera
484,Jesse,Cook
485,Angela,Wagner
486,Michael,Harper
487,Philip,Gonzales
488,Diana,Hayes
489,Antonio,Stanley
490,Larry,Montgomery
491,Julie,Porter
492,Virginia,Long
493,Roy,Howard
494,Craig,Henderson
495,Shirley,Richardson
496,Shawn,Ramos
497,Frank,Richards
498,Larry,Fields
499,Ronald,Stephens
500,Michelle,Bradley
501,Annie,Dixon
502,Wayne,Roberts
503,Sean,Harris
504,Robert,Watkins
505,Steve,Thomas
506,Justin,Oliver
507,Judy,Murray
508,Ryan,Perkins
509,Maria,Davis
510,Jose,Fisher
511,Billy,Carroll
512,Arthur,Hart
513,Jane,Robertson
514,Paul,Alexander
515,Dennis,Ferguson
516,Todd,Mcdonald
517,Jose,Spencer
518,Tina,Hunter
519,Ryan,Burns
520,Peter,Price
521,Jane,Burton
522,Daniel,Griffin
523,David,Ellis
524,Ronald,Bishop
525,Jimmy,Nguyen
526,Linda,Lewis
527,Brian,Lawrence
528,Ann,Larson
529,Kenneth,Evans
530,Juan,Walker
531,Robin,Lee
532,Susan,Anderson
533,Robin,Brown
534,Ruth,Webb
535,Carlos,Ramos
536,Patrick,Elliott
537,Phillip,Reed
538,Andrea,Ford
539,Joan,Henderson
540,Bonnie,Ferguson
541,Clarence,Knight
542,Ann,Roberts
543,Albert,Henderson
544,Sandra,Taylor
545,Bobby,Sanders
546,Lois,Clark
547,Clarence,Dixon
548,Charles,Baker
549,Lori,Matthews
550,Deborah,Stephens
551,Janet,Murray
552,Lillian,Hicks
553,Edward,Collins
554,Joe,Castillo
555,Steven,Alexander
556,Juan,Howard
557,Mary,Berry
558,Mark,Reynolds
559,Martha,Tucker
560,Martha,Young
561,Sarah,Harris
562,Aaron,Lawson
563,Jerry,Owens
564,James,Hill
565,Rebecca,Porter
566,Catherine,Wallace
567,Carlos,Diaz
568,Brian,Bailey
569,Patricia,Gomez
570,Paul,Harris
571,Jessica,Berry
572,Angela,Phillips
573,Brandon,Richards
574,Joe,Walker
575,Charles,Banks
576,Joshua,Long
577,Sara,Brooks
578,Randy,Daniels
579,William,Mason
580,Kathleen,Gardner
581,Judy,Dunn
582,Daniel,Gilbert
583,Chris,Mccoy
584,Richard,Holmes
585,Martin,Castillo
586,Ralph,Hudson
587,Gary,King
588,Victor,Gonzales
589,Johnny,Fowler
590,Jane,Washington
591,Paul,James
592,Nicole,Howell
593,Roy,Matthews
594,Raymond,Bradley
595,Eugene,Griffin
596,Carolyn,Montgomery
597,Joseph,Mcdonald
598,Karen,Brown
599,Eric,Hunt
600,Frank,Wagner
601,Arthur,Welch
602,Brandon,Richards
603,Roy,Martin
604,James,Edwards
605,Anthony,Mendoza
606,William,Miller
607,Marilyn,Porter
608,Mildred,Walker
609,Sara,Watkins
610,Jack,Hughes
611,Joseph,Hall
612,Patrick,Sanders
613,Richard,Reid
614,Helen,Sims
615,Lisa,Wood
616,Ronald,Morgan
617,Craig,Cunningham
618,Jeffrey,Castillo
619,Maria,Rose
620,Janice,Sullivan
621,Annie,Roberts
622,Rose,Snyder
623,Albert,Bishop
624,Bruce,Torres
625,Amy,Murray
626,Brandon,Howard
627,Catherine,Gonzales
628,Edward,Kennedy
629,Sandra,Murray
630,Jimmy,Lynch
631,Patricia,Powell
632,Christine,Burton
633,Jimmy,Bell
634,Jane,Washington
635,Paul,Black
636,Katherine,Armstrong
637,Billy,Carroll
638,Joseph,Mcdonald
639,Martha,Butler
640,Willie,Garza
641,Andrew,Jenkins
642,Shirley,Parker
643,Kevin,Cooper
644,Roy,West
645,Debra,Hart
646,Michael,Rose
647,James,Gray
648,Christine,Kelley
649,Richard,Welch
650,Julia,Richards
651,Larry,Harris
652,Earl,Fuller
653,Jose,Patterson
654,Angela,Morrison
655,Susan,Gutierrez
656,Thomas,Burns
657,Jose,Thomas
658,Stephanie,Black
659,Lillian,Snyder
660,Judy,Montgomery
661,Catherine,Marshall
662,Janice,Miller
663,Aaron,Jones
664,Jerry,Young
665,Jesse,Alexander
666,Martin,Richards
667,Cheryl,Wright
668,Ruby,Perez
669,Linda,Gomez
670,Mark,Rodriguez
671,Cynthia,Kelly
672,Frances,Walker
673,Arthur,Little
674,Andrew,Kelley
675,James,Gardner
676,Stephanie,Howell
677,Mary,Myers
678,Stephen,Greene
679,Philip,Hughes
680,Todd,Powell
681,Harry,Hughes
682,Todd,Fisher
683,Betty,Chapman
684,Jessica,Greene
685,Scott,Knight
686,Richard,Nguyen
687,Douglas,Harvey
688,Susan,Carroll
689,Christopher,Payne
690,Janice,Owens
691,Jennifer,Garrett
692,Katherine,Hughes
693,Gerald,Clark
694,James,Kelley
695,Linda,Simmons
696,Eugene,Martinez
697,Todd,Fuller
698,Joe,Reed
699,Christine,Carpenter
700,Donald,Campbell
701,Beverly,Harrison
702,Stephen,Lane
703,Roger,Baker
704,Nicholas,Hansen
705,Judy,James
706,Todd,Jones
707,Emily,Ryan
708,Tammy,Harris
709,Harry,Davis
710,Jack,Phillips
711,Cheryl,Marshall
712,Donald,Wilson
713,Paula,Ellis
714,Amy,Morris
715,Jennifer,Cooper
716,Beverly,Romero
717,Kelly,Hanson
718,Jane,Boyd
719,Daniel,Harris
720,Bonnie,Garcia
721,Charles,Myers
722,Douglas,Kim
723,Brian,Warren
724,Jeffrey,Montgomery
725,Chris,Riley
726,Albert,Black
727,George,White
728,Joshua,Burns
729,Gregory,Montgomery
730,William,Powell
731,Todd,Gardner
732,Daniel,Kelley
733,Harold,Morales
734,Mark,Morris
735,Anne,Olson
736,Philip,Cunningham
737,Kathleen,Richards
738,Albert,Willis
739,Wayne,Matthews
740,Jacqueline,Ray
741,Angela,Wallace
742,Elizabeth,Schmidt
743,Elizabeth,Morgan
744,Ernest,Ross
745,Ruby,King
746,Doris,Richards
747,Sara,Knight
748,Eric,Matthews
749,Larry,Myers
750,Cheryl,Kelley
751,Walter,Henry
752,Julie,Hernandez
753,Amy,Hart
754,Ruth,Collins
755,Ruth,Jordan
756,Donna,Day
757,Lois,Day
758,Cynthia,Kelley
759,Larry,Cruz
760,Carolyn,Castillo
761,Antonio,Perkins
762,Justin,Berry
763,Louise,Harris
764,Andrew,Arnold
765,Amy,Howell
766,Amanda,Lane
767,Eugene,Gutierrez
768,Janet,Lee
769,Sharon,George
770,Shawn,Sanchez
771,David,Martin
772,Joshua,Pierce
773,Justin,Russell
774,Eric,Bell
775,Ernest,Holmes
776,Keith,Payne
777,Adam,Cole
778,Maria,Black
779,Steve,Rodriguez
780,Lisa,Garcia
781,Eugene,Greene
782,Albert,Garcia
783,Shirley,Larson
784,Shirley,Hudson
785,Brenda,Crawford
786,Anne,Schmidt
787,Matthew,Woods
788,Cheryl,Robertson
789,Jessica,Brooks
790,Howard,Meyer
791,Sandra,Reid
792,Melissa,Wagner
793,Frances,Dixon
794,Barbara,Harris
795,Fred,Ward
796,Roy,Gonzalez
797,Gregory,Hansen
798,Julie,Holmes
799,Ruby,Cruz
800,Adam,Morrison
801,Denise,Castillo
802,Donna,Gonzales
803,Diana,Wells
804,Irene,Cook
805,Shirley,Jacobs
806,Jane,Cruz
807,Phillip,Cox
808,Joe,Young
809,Joshua,Richards
810,Steven,Holmes
811,Sean,Gutierrez
812,Walter,Olson
813,Diana,Peterson
814,Shawn,Harper
815,Andrea,Bell
816,Kevin,Young
817,Elizabeth,Reynolds
818,Nicholas,Reyes
819,Keith,Stewart
820,Johnny,Vasquez
821,Julia,Willis
822,Alan,Richards
823,Joan,Morris
824,Carolyn,Scott
825,Jimmy,Dunn
826,Lois,Castillo
827,Lori,Weaver
828,Ronald,Lawrence
829,Justin,Harris
830,Robert,Taylor
831,Robin,Walker
832,Anna,Stevens
833,Roy,Coleman
834,Jeffrey,Phillips
835,Carl,Crawford
836,Phyllis,Bradley
837,Adam,Day
838,Dennis,Mills
839,Diana,Coleman
840,Amanda,Sanchez
841,Jack,Freeman
842,Adam,Stone
843,Annie,Arnold
844,Aaron,Chavez
845,Keith,Schmidt
846,Alan,Scott
847,Frances,Cunningham
848,Betty,Robertson
849,Juan,Austin
850,Helen,Wilson
851,Philip,Bowman
852,Katherine,Mccoy
853,Amy,Edwards
854,Virginia,Holmes
855,Eric,Thomas
856,Paula,Reid
857,Karen,Mills
858,Eugene,Taylor
859,Joseph,Lawson
860,Jean,Richards
861,Harold,Robertson
862,Martha,Gray
863,William,Willis
864,Harry,Reed
865,Shawn,Nguyen
866,Andrea,Fisher
867,Ashley,Oliver
868,Diana,Jackson
869,Christina,Price
870,Jeffrey,Carr
871,Richard,Arnold
872,Doris,Meyer
873,Denise,Morrison
874,Ann,Lee
875,Lois,Robinson
876,Samuel,Allen
877,Ernest,Bishop
878,Wanda,Dean
879,Michelle,Medina
880,Kevin,Marshall
881,Robert,Ellis
882,Donna,Moreno
883,Billy,Jenkins
884,Fred,Bailey
885,Jose,Kennedy
886,Maria,Powell
887,Stephanie,Hamilton
888,Willie,Fuller
889,Jacqueline,Mitchell
890,Andrea,Cruz
891,Heather,Ruiz
892,Ruby,Price
893,Peter,Howard
894,Maria,Stevens
895,Joan,Richards
896,Philip,Sanchez
897,Janet,Mitchell
898,Virginia,Richards
899,Billy,Rice
900,Kimberly,Reid
901,Harold,Mason
902,Martha,Williamson
903,Ann,Turner
904,Phillip,Moreno
905,Catherine,Simpson
906,John,Torres
907,Jose,Woods
908,William,Mason
909,Cheryl,Sullivan
910,Kathleen,Marshall
911,Harold,Elliott
912,Benjamin,Rice
913,Wanda,Elliott
914,Robert,Russell
915,Marilyn,Reyes
916,Patrick,Stone
917,Fred,Reyes
918,Ralph,Mason
919,Norma,Carroll
920,Judith,Fields
921,Fred,Hicks
922,Billy,Frazier
923,Alice,Elliott
924,Frances,Ray
925,Ronald,Ford
926,Harry,Campbell
927,Patrick,Dixon
928,Janice,Robertson
929,Diane,Grant
930,Keith,Olson
931,Donna,Olson
932,Judith,Holmes
933,Steven,Thomas
934,Frank,Burns
935,Mildred,Hughes
936,Patricia,Garcia
937,Roy,Payne
938,Ann,Hunter
939,Helen,Berry
940,Shirley,Flores
941,Ruby,Hamilton
942,Henry,Simmons
943,Phillip,Hart
944,Brian,Fernandez
945,Raymond,Robertson
946,Cheryl,Sanders
947,David,Black
948,Thomas,Hudson
949,Kelly,Garcia
950,Patricia,Anderson
951,Dennis,Long
952,Patricia,Turner
953,Catherine,Riley
954,Robin,Sanders
955,Melissa,Sims
956,Donald,Robertson
957,Anna,Stone
958,George,Perkins
959,Carl,Hart
960,Michael,Young
961,Heather,Stewart
962,Barbara,Carter
963,Rebecca,Cooper
964,Brian,Patterson
965,Judy,Larson
966,Mildred,Tucker
967,Alan,Parker
968,Steve,Diaz
969,Richard,Richards
970,Bruce,Black
971,Phillip,Grant
972,Phillip,Oliver
973,Juan,Henderson
974,Bobby,Bennett
975,Lori,Moore
976,Pamela,Bishop
977,Larry,Spencer
978,Rose,Romero
979,Laura,Wood
980,Rebecca,Fernandez
981,Mary,Knight
982,Katherine,Stephens
983,Lillian,Gutierrez
984,Robin,Hamilton
985,Andrew,Perkins
986,Julie,Gibson
987,Janice,Walker
988,Betty,Ortiz
989,Sara,Myers
990,Beverly,Fuller
991,Timothy,Torres
992,Jonathan,Bennett
993,Debra,Mendoza
994,Phyllis,Price
995,Beverly,Gardner
996,Steven,Brooks
997,Brenda,Evans
998,Adam,Bell
999,Marie,Cook
1000,Annie,Robertson
